﻿designator,quantity,value,pack,mpn,mount_type
D1,1,D,D_DO-41_SOD81_P10.16mm_Horizontal,,tht
J1,1,XT30PW-F,AMASS_XT30PW-F,,tht
J2,1,XT30PW-M,AMASS_XT30PW-M,,tht
J3,1,Conn_01x06_Socket,JST_XH_B6B-XH-A_1x06_P2.50mm_Vertical,,tht
J4,1,Conn_01x02_Socket,JST_XH_B2B-XH-A_1x02_P2.50mm_Vertical,,tht
J5,1,Conn_01x06_Pin,PinSocket_1x06_P2.54mm_Vertical,,tht
J6,1,Conn_01x04_Socket,JST_XH_B4B-XH-A_1x04_P2.50mm_Vertical,,tht
K1,1,APV1121S,SOP4PIN_PAN,,smt
LS1,1,CMT-0502-75-SMT-TR,CMT-0502_CUD,,smt
"Q1, Q2",2,STB75NF75LT4,TO-220-3_Horizontal_TabDown,,tht
"Q3, Q4",2,2N3904,TO-92_Inline,,tht
"R1, R2, R3, R4, R5, R6, R7",7,R,R_Axial_DIN0204_L3.6mm_D1.6mm_P2.54mm_Vertical,,tht
U1,1,M5Stack-STAMP-PICO,M5Stamp Pico,,tht
U2,1,CR-6030S_Buck_Converter,CR-6030S Buck Module,,tht
"U3, U4",2,Adj_Buck_Module,Adj Buck Module,,tht
U5,1,4-channel_LevelShifter,Logic Level Converter Module,,tht
U6,1,MCP2551_Module,MCP2551 Module,,tht
