﻿pos_x,pos_y,rotation,side,designator,mpn,pack,value,mount_type,place
76.581,-119.761,0.0,top,D1,,D_DO-41_SOD81_P10.16mm_Horizontal,D,tht,True
85.1743,-132.08,-90.0,top,J1,,AMASS_XT30PW-F,XT30PW-F,tht,True
90.01,-144.232,-90.0,top,J2,,AMASS_XT30PW-M,XT30PW-M,tht,True
90.645,-71.501,180.0,top,J3,,JST_XH_B6B-XH-A_1x06_P2.50mm_Vertical,Conn_01x06_Socket,tht,True
68.941,-100.347,180.0,top,J4,,JST_XH_B2B-XH-A_1x02_P2.50mm_Vertical,Conn_01x02_Socket,tht,True
55.626,-55.626,90.0,top,J5,,PinSocket_1x06_P2.54mm_Vertical,Conn_01x06_Pin,tht,True
85.605,-60.833,180.0,top,J6,,JST_XH_B4B-XH-A_1x04_P2.50mm_Vertical,Conn_01x04_Socket,tht,True
48.895,-138.176,-90.0,top,K1,,SOP4PIN_PAN,APV1121S,smt,True
59.908,-100.1497,180.0,top,LS1,,CMT-0502_CUD,CMT-0502-75-SMT-TR,smt,True
73.238,-148.59,90.0,top,Q1,,TO-220-3_Horizontal_TabDown,STB75NF75LT4,tht,True
73.238,-137.922,90.0,top,Q2,,TO-220-3_Horizontal_TabDown,STB75NF75LT4,tht,True
46.101,-101.092,0.0,top,Q3,,TO-92_Inline,2N3904,tht,True
52.528,-101.0813,0.0,top,Q4,,TO-92_Inline,2N3904,tht,True
76.327,-125.272,90.0,top,R1,,R_Axial_DIN0204_L3.6mm_D1.6mm_P2.54mm_Vertical,R,tht,True
50.165,-131.318,180.0,top,R2,,R_Axial_DIN0204_L3.6mm_D1.6mm_P2.54mm_Vertical,R,tht,True
78.867,-122.859,-90.0,top,R3,,R_Axial_DIN0204_L3.6mm_D1.6mm_P2.54mm_Vertical,R,tht,True
48.337,-97.282,180.0,top,R4,,R_Axial_DIN0204_L3.6mm_D1.6mm_P2.54mm_Vertical,R,tht,True
52.324,-97.2713,0.0,top,R5,,R_Axial_DIN0204_L3.6mm_D1.6mm_P2.54mm_Vertical,R,tht,True
58.724,-96.012,0.0,top,R6,,R_Axial_DIN0204_L3.6mm_D1.6mm_P2.54mm_Vertical,R,tht,True
50.546,-143.764,-90.0,top,R7,,R_Axial_DIN0204_L3.6mm_D1.6mm_P2.54mm_Vertical,R,tht,True
58.166,-67.818,90.0,top,U1,,M5Stamp Pico,M5Stack-STAMP-PICO,tht,True
57.912,-116.586,90.0,top,U2,,CR-6030S Buck Module,CR-6030S_Buck_Converter,tht,True
83.2993,-97.4471,90.0,top,U3,,Adj Buck Module,Adj_Buck_Module,tht,True
83.2993,-109.3851,90.0,top,U4,,Adj Buck Module,Adj_Buck_Module,tht,True
65.151,-86.36,-90.0,top,U5,,Logic Level Converter Module,4-channel_LevelShifter,tht,True
83.312,-83.058,-90.0,top,U6,,MCP2551 Module,MCP2551_Module,tht,True
